id,orderid,bikeid,userid,start_time,start_location_x,start_location_y,end_time,end_location_x,end_location_y,start_day,start_weekday,start_hour,weekend,distance
10933,4258,89205,17224,2020/8/29 00:00,121.42,31.199,2020/8/29 00:24,121.418,31.201,29,星期一,0,0,0.29240877
10934,4380,353897,12256,2020/8/29 00:23,121.354,31.135,2020/8/29 00:27,121.355,31.137,29,星期一,0,0,0.241382208
10935,4657,205957,3177,2020/8/29 00:43,121.493,31.288,2020/8/29 00:54,121.481,31.292,29,星期一,0,0,1.225623326
10936,4746,224890,4070,2020/8/29 00:46,121.579,31.343,2020/8/29 00:57,121.591,31.336,29,星期一,0,0,1.380750095
10937,4910,311535,4119,2020/8/29 01:01,121.467,31.31,2020/8/29 01:19,121.477,31.321,29,星期一,1,0,1.547115167
10938,6828,116942,59,2020/8/29 01:21,121.518,31.304,2020/8/29 01:40,121.529,31.335,29,星期一,1,0,3.593061333
10939,6879,71710,13451,2020/8/29 01:28,121.526,31.32,2020/8/29 01:35,121.532,31.324,29,星期一,1,0,0.723074898
10940,7000,164122,9262,2020/8/29 01:45,121.418,31.128,2020/8/29 02:11,121.451,31.138,29,星期一,1,0,3.336837939
10941,7067,59897,2687,2020/8/29 01:54,121.412,31.229,2020/8/29 02:20,121.381,31.253,29,星期一,1,0,3.975160268
10942,7322,340868,3984,2020/8/29 02:36,121.446,31.21,2020/8/29 02:48,121.441,31.192,29,星期一,2,0,2.051813158
10943,7480,180605,17248,2020/8/29 03:16,121.47,31.286,2020/8/29 03:30,121.468,31.273,29,星期一,3,0,1.453893327
10944,11847,5970,14673,2020/8/29 04:05,121.443,31.174,2020/8/29 04:10,121.436,31.168,29,星期一,4,0,0.94226929
10945,11967,48145,11618,2020/8/29 04:55,121.527,31.301,2020/8/29 06:18,121.528,31.295,29,星期一,4,0,0.672025706
10946,12108,203374,10062,2020/8/29 05:22,121.528,31.328,2020/8/29 05:33,121.507,31.329,29,星期一,5,0,2.001754387
10947,12234,216311,14333,2020/8/29 05:41,121.431,31.119,2020/8/29 05:50,121.433,31.124,29,星期一,5,0,0.586262891
10948,12377,255154,731,2020/8/29 05:53,121.55,31.269,2020/8/29 06:12,121.526,31.277,29,星期一,5,0,2.451627978
10949,12517,93479,8037,2020/8/29 06:01,121.465,31.257,2020/8/29 06:06,121.458,31.26,29,星期一,6,0,0.745085452
10950,16896,293517,15300,2020/8/29 06:07,121.409,31.299,2020/8/29 06:14,121.416,31.293,29,星期一,6,0,0.941656837
10951,17030,206982,4834,2020/8/29 06:13,121.417,31.189,2020/8/29 06:21,121.412,31.196,29,星期一,6,0,0.910744045
10952,17197,274984,5076,2020/8/29 06:18,121.39,31.327,2020/8/29 06:24,121.389,31.32,29,星期一,6,0,0.78193974
10953,17334,363284,4763,2020/8/29 06:22,121.364,31.26,2020/8/29 06:50,121.377,31.232,29,星期一,6,0,3.342337813
10954,17419,48256,14472,2020/8/29 06:24,121.398,31.308,2020/8/29 06:40,121.419,31.288,29,星期一,6,0,2.985728288
10955,17531,125196,1980,2020/8/29 06:27,121.388,31.277,2020/8/29 06:34,121.39,31.269,29,星期一,6,0,0.907211688
10956,21860,259170,7189,2020/8/29 06:31,121.406,31.352,2020/8/29 06:55,121.373,31.344,29,星期一,6,0,3.263010643
10957,21980,61050,21,2020/8/29 06:34,121.52,31.32,2020/8/29 06:44,121.519,31.304,29,星期一,6,0,1.776549617
10958,22072,170205,13021,2020/8/29 06:36,121.451,31.138,2020/8/29 06:49,121.437,31.134,29,星期一,6,0,1.406886179
10959,22225,362025,2334,2020/8/29 06:39,121.503,31.125,2020/8/29 06:46,121.499,31.119,29,星期一,6,0,0.766873616
10960,22311,350002,2591,2020/8/29 06:41,121.411,31.127,2020/8/29 06:48,121.415,31.135,29,星期一,6,0,0.965536103
10961,22524,323523,11696,2020/8/29 06:44,121.46,31.273,2020/8/29 07:03,121.467,31.291,29,星期一,6,0,2.104106524
10962,22519,300604,4277,2020/8/29 06:45,121.404,31.289,2020/8/29 06:59,121.421,31.284,29,星期一,6,0,1.710997372
10963,22623,130539,12282,2020/8/29 06:46,121.35,31.171,2020/8/29 06:52,121.353,31.165,29,星期一,6,0,0.7241117
10964,27084,140256,6411,2020/8/29 06:50,121.527,31.324,2020/8/29 06:57,121.537,31.328,29,星期一,6,0,1.050035377
10965,27320,206831,14741,2020/8/29 06:53,121.362,31.245,2020/8/29 07:01,121.356,31.241,29,星期一,6,0,0.723447787
10966,27527,361494,16496,2020/8/29 06:56,121.437,31.31,2020/8/29 07:04,121.447,31.308,29,星期一,6,0,0.977435494
10967,27727,365060,6890,2020/8/29 06:59,121.404,31.35,2020/8/29 07:07,121.398,31.342,29,星期一,6,0,1.054871848
10968,27756,254374,8790,2020/8/29 07:00,121.51,31.198,2020/8/29 07:23,121.54,31.192,29,星期一,7,0,2.935647856
10969,35398,167862,3802,2020/8/29 07:02,121.48,31.295,2020/8/29 07:47,121.536,31.321,29,星期一,7,0,6.060484492
10970,35554,296646,11909,2020/8/29 07:04,121.492,31.32,2020/8/29 07:10,121.485,31.319,29,星期一,7,0,0.675452669
10971,35632,36622,9746,2020/8/29 07:05,121.532,31.323,2020/8/29 07:17,121.546,31.328,29,星期一,7,0,1.443218294
10972,35720,321917,14533,2020/8/29 07:06,121.347,31.145,2020/8/29 07:15,121.349,31.155,29,星期一,7,0,1.125002638
10973,35893,189962,8949,2020/8/29 07:08,121.415,31.247,2020/8/29 07:25,121.436,31.24,29,星期一,7,0,2.145753119
10974,41275,340508,10212,2020/8/29 07:10,121.496,31.382,2020/8/29 07:20,121.488,31.381,29,星期一,7,0,0.769010539
10975,41354,83065,13505,2020/8/29 07:11,121.474,31.284,2020/8/29 07:15,121.482,31.281,29,星期一,7,0,0.831225204
10976,41497,337595,6322,2020/8/29 07:12,121.356,31.143,2020/8/29 07:45,121.384,31.166,29,星期一,7,0,3.691967305
10977,41482,122060,12468,2020/8/29 07:13,121.505,31.258,2020/8/29 07:16,121.501,31.253,29,星期一,7,0,0.672668063
10978,41690,82516,13314,2020/8/29 07:14,121.38,31.213,2020/8/29 07:19,121.385,31.214,29,星期一,7,0,0.489184393
10979,41815,11798,13502,2020/8/29 07:16,121.538,31.271,2020/8/29 07:22,121.53,31.267,29,星期一,7,0,0.881562052
10980,41887,34218,12640,2020/8/29 07:17,121.657,31.035,2020/8/29 07:26,121.649,31.045,29,星期一,7,0,1.346283644
10981,52384,310836,1434,2020/8/29 07:18,121.526,31.302,2020/8/29 07:29,121.522,31.308,29,星期一,7,0,0.766525115
10982,52516,355501,10480,2020/8/29 07:20,121.57,31.345,2020/8/29 07:26,121.575,31.351,29,星期一,7,0,0.817879181
10983,52757,43338,14572,2020/8/29 07:21,121.413,31.264,2020/8/29 07:28,121.402,31.263,29,星期一,7,0,1.053497726
10984,52714,187191,6802,2020/8/29 07:21,121.539,31.142,2020/8/29 07:27,121.538,31.15,29,星期一,7,0,0.892087065
10985,52736,335730,1552,2020/8/29 07:22,121.395,31.371,2020/8/29 07:43,121.396,31.369,29,星期一,7,0,0.241296912
10986,53012,365158,16495,2020/8/29 07:24,121.461,31.217,2020/8/29 07:34,121.463,31.229,29,星期一,7,0,1.344057373
10987,53046,243273,12480,2020/8/29 07:24,121.397,31.293,2020/8/29 07:32,121.407,31.291,29,星期一,7,0,0.977601815
10988,65548,60691,4212,2020/8/29 07:26,121.45,31.148,2020/8/29 07:36,121.459,31.159,29,星期一,7,0,1.491255651
10989,65740,59692,7725,2020/8/29 07:27,121.365,31.362,2020/8/29 07:33,121.356,31.363,29,星期一,7,0,0.863418343
10990,65759,140259,12158,2020/8/29 07:28,121.495,31.31,2020/8/29 07:40,121.506,31.321,29,星期一,7,0,1.607433585
10991,65924,347364,16834,2020/8/29 07:29,121.494,31.213,2020/8/29 07:41,121.483,31.218,29,星期一,7,0,1.185747231
10992,66028,288843,15322,2020/8/29 07:30,121.387,31.32,2020/8/29 07:55,121.355,31.305,29,星期一,7,0,3.470569606
10993,66181,173356,6466,2020/8/29 07:31,121.338,31.263,2020/8/29 07:49,121.356,31.241,29,星期一,7,0,2.981519377
10994,66232,125748,2279,2020/8/29 07:32,121.493,31.312,2020/8/29 07:39,121.489,31.32,29,星期一,7,0,0.965266523
10995,79419,202550,4602,2020/8/29 07:34,121.431,31.161,2020/8/29 07:38,121.433,31.165,29,星期一,7,0,0.482744772
10996,79617,14449,9354,2020/8/29 07:35,121.405,31.211,2020/8/29 08:15,121.447,31.225,29,星期一,7,0,4.292505805
10997,79520,182170,12644,2020/8/29 07:35,121.32,31.262,2020/8/29 07:46,121.311,31.259,29,星期一,7,0,0.919465598
10998,79815,6526,14342,2020/8/29 07:37,121.442,31.164,2020/8/29 07:45,121.434,31.166,29,星期一,7,0,0.794295566
10999,79963,173158,5474,2020/8/29 07:38,121.395,31.125,2020/8/29 07:51,121.407,31.124,29,星期一,7,0,1.149916932
11000,80239,200197,3712,2020/8/29 07:40,121.39,31.25,2020/8/29 07:57,121.41,31.242,29,星期一,7,0,2.101523621
11001,80370,165165,14254,2020/8/29 07:41,121.456,31.319,2020/8/29 07:48,121.447,31.318,29,星期一,7,0,0.863813525
11002,80598,277590,13023,2020/8/29 07:43,121.419,31.362,2020/8/29 07:48,121.429,31.367,29,星期一,7,0,1.101126674
11003,80628,91052,7373,2020/8/29 07:44,121.532,31.329,2020/8/29 07:51,121.528,31.336,29,星期一,7,0,0.864461285
11004,80675,270315,16865,2020/8/29 07:44,121.321,31.289,2020/8/29 07:51,121.324,31.296,29,星期一,7,0,0.827013736
11005,80754,90891,11713,2020/8/29 07:45,121.516,31.314,2020/8/29 07:52,121.508,31.312,29,星期一,7,0,0.793156085
11006,92790,281536,9215,2020/8/29 07:46,121.558,31.201,2020/8/29 08:10,121.55,31.223,29,星期一,7,0,2.555562248
11007,92687,295699,5313,2020/8/29 07:46,121.528,31.266,2020/8/29 07:56,121.518,31.274,29,星期一,7,0,1.301426193
11008,92849,145418,16801,2020/8/29 07:47,121.445,31.165,2020/8/29 08:20,121.439,31.205,29,星期一,7,0,4.471630494
11009,93008,325511,280,2020/8/29 07:48,121.496,31.283,2020/8/29 08:18,121.46,31.279,29,星期一,7,0,3.456599723
11010,93093,41099,12425,2020/8/29 07:49,121.471,31.305,2020/8/29 08:23,121.481,31.256,29,星期一,7,0,5.515660395
11011,93139,24552,1004,2020/8/29 07:50,121.362,31.245,2020/8/29 07:54,121.357,31.241,29,星期一,7,0,0.650811024
11012,93245,94386,2919,2020/8/29 07:50,121.379,31.325,2020/8/29 07:55,121.374,31.322,29,星期一,7,0,0.580621975
11013,93332,45409,8466,2020/8/29 07:51,121.445,31.338,2020/8/29 07:57,121.437,31.34,29,星期一,7,0,0.792955417
11014,93417,241187,15062,2020/8/29 07:52,121.43,31.327,2020/8/29 08:42,121.431,31.276,29,星期一,7,0,5.655409068
11015,93675,81059,10079,2020/8/29 07:54,121.515,31.283,2020/8/29 08:01,121.507,31.281,29,星期一,7,0,0.793395153
11016,93877,58605,4254,2020/8/29 07:55,121.367,31.196,2020/8/29 08:09,121.369,31.208,29,星期一,7,0,1.344059041
11017,94034,92536,674,2020/8/29 07:56,121.439,31.324,2020/8/29 08:03,121.441,31.33,29,星期一,7,0,0.691948609
11018,94043,243071,10232,2020/8/29 07:57,121.491,31.346,2020/8/29 08:02,121.499,31.344,29,星期一,7,0,0.792909088
11019,94204,210044,8969,2020/8/29 07:58,121.562,31.28,2020/8/29 08:01,121.561,31.286,29,星期一,7,0,0.672026303
11020,107237,132691,9422,2020/8/29 07:59,121.408,31.127,2020/8/29 08:05,121.403,31.13,29,星期一,7,0,0.581418166
11021,107338,248355,7476,2020/8/29 08:00,121.57,31.246,2020/8/29 08:15,121.55,31.25,29,星期一,8,0,1.956063837
11022,107493,247286,4471,2020/8/29 08:01,121.468,31.292,2020/8/29 08:07,121.477,31.287,29,星期一,8,0,1.020616895
11023,107619,82288,4698,2020/8/29 08:02,121.354,31.279,2020/8/29 08:21,121.348,31.259,29,星期一,8,0,2.289920643
11024,107823,188950,16159,2020/8/29 08:03,121.438,31.324,2020/8/29 08:09,121.445,31.321,29,星期一,8,0,0.744684051
11025,107816,36077,14949,2020/8/29 08:04,121.451,31.293,2020/8/29 08:28,121.491,31.292,29,星期一,8,0,3.81007388
11026,107865,365395,3036,2020/8/29 08:04,121.451,31.293,2020/8/29 08:17,121.457,31.298,29,星期一,8,0,0.796025651
11027,120772,58085,6869,2020/8/29 08:05,121.364,31.253,2020/8/29 08:34,121.39,31.268,29,星期一,8,0,2.982979686
11028,120854,88883,14405,2020/8/29 08:06,121.452,31.231,2020/8/29 08:10,121.458,31.229,29,星期一,8,0,0.613147933
11029,121018,25878,15709,2020/8/29 08:07,121.499,31.333,2020/8/29 08:13,121.506,31.329,29,星期一,8,0,0.800329924
11030,121202,365174,708,2020/8/29 08:08,121.486,31.307,2020/8/29 08:24,121.516,31.301,29,星期一,8,0,2.932453251
11031,121261,81475,12683,2020/8/29 08:09,121.396,31.247,2020/8/29 08:16,121.395,31.231,29,星期一,8,0,1.776533399
11032,134186,101979,89,2020/8/29 08:10,121.399,31.281,2020/8/29 08:24,121.39,31.269,29,星期一,8,0,1.582643289
11033,134290,109735,17339,2020/8/29 08:11,121.473,31.193,2020/8/29 08:15,121.475,31.196,29,星期一,8,0,0.383367854
11034,134408,59941,10901,2020/8/29 08:12,121.532,31.312,2020/8/29 08:20,121.543,31.311,29,星期一,8,0,1.052970136
11035,134621,53208,16933,2020/8/29 08:14,121.538,31.323,2020/8/29 08:20,121.536,31.318,29,星期一,8,0,0.586149352
11036,134868,131490,15402,2020/8/29 08:15,121.522,31.274,2020/8/29 08:30,121.507,31.265,29,星期一,8,0,1.742528559
11037,134778,6946,5872,2020/8/29 08:15,121.553,31.238,2020/8/29 08:31,121.549,31.22,29,星期一,8,0,2.031782903
11038,134937,286189,10406,2020/8/29 08:16,121.466,31.262,2020/8/29 08:46,121.45,31.231,29,星期一,8,0,3.759854454
11039,147825,80809,14691,2020/8/29 08:16,121.478,31.271,2020/8/29 08:25,121.485,31.279,29,星期一,8,0,1.10955762
11040,147916,6545,8438,2020/8/29 08:17,121.544,31.273,2020/8/29 08:26,121.547,31.264,29,星期一,8,0,1.037962713
11041,148089,59117,3751,2020/8/29 08:18,121.451,31.293,2020/8/29 08:25,121.454,31.298,29,星期一,8,0,0.623627371
11042,148263,274196,2300,2020/8/29 08:19,121.422,31.138,2020/8/29 08:23,121.424,31.136,29,星期一,8,0,0.292489398
11043,148407,120983,2111,2020/8/29 08:20,121.507,31.313,2020/8/29 08:23,121.509,31.316,29,星期一,8,0,0.383253494
11044,148458,134813,16869,2020/8/29 08:21,121.448,31.307,2020/8/29 08:36,121.433,31.31,29,星期一,8,0,1.46616058
11045,148501,19634,11890,2020/8/29 08:22,121.459,31.229,2020/8/29 08:27,121.454,31.231,29,星期一,8,0,0.525453456
11046,161548,187630,5914,2020/8/29 08:22,121.439,31.297,2020/8/29 08:49,121.462,31.317,29,星期一,8,0,3.116299646
11047,161826,61397,6040,2020/8/29 08:24,121.386,31.292,2020/8/29 08:58,121.392,31.254,29,星期一,8,0,4.251786904
11048,161833,198288,10554,2020/8/29 08:25,121.458,31.249,2020/8/29 08:29,121.463,31.256,29,星期一,8,0,0.910592795
11049,162003,125833,16381,2020/8/29 08:26,121.452,31.255,2020/8/29 08:38,121.458,31.242,29,星期一,8,0,1.550537403
11050,161993,113643,4566,2020/8/29 08:26,121.426,31.288,2020/8/29 08:34,121.421,31.285,29,星期一,8,0,0.580773351
11051,162140,364911,4499,2020/8/29 08:27,121.526,31.309,2020/8/29 08:35,121.535,31.311,29,星期一,8,0,0.884977554
11052,162245,200717,5302,2020/8/29 08:28,121.484,31.251,2020/8/29 08:33,121.483,31.257,29,星期一,8,0,0.672027455
11053,175201,145694,16046,2020/8/29 08:29,121.439,31.162,2020/8/29 08:45,121.442,31.19,29,星期一,8,0,3.117574723
11054,175469,293067,9956,2020/8/29 08:30,121.327,31.13,2020/8/29 08:41,121.316,31.134,29,星期一,8,0,1.138984285
11055,175490,200260,8944,2020/8/29 08:31,121.396,31.227,2020/8/29 08:46,121.404,31.206,29,星期一,8,0,2.449950715
11056,175741,177209,13756,2020/8/29 08:32,121.443,31.326,2020/8/29 09:22,121.487,31.283,29,星期一,8,0,6.346335081
11057,175847,51597,4347,2020/8/29 08:33,121.538,31.283,2020/8/29 08:59,121.502,31.279,29,星期一,8,0,3.456599723
11058,175886,212346,1353,2020/8/29 08:34,121.543,31.274,2020/8/29 08:39,121.539,31.279,29,星期一,8,0,0.672621777
11059,188723,281938,14148,2020/8/29 08:35,121.366,31.237,2020/8/29 08:47,121.356,31.235,29,星期一,8,0,0.978149128
11060,188847,5875,9964,2020/8/29 08:36,121.345,31.298,2020/8/29 08:40,121.338,31.296,29,星期一,8,0,0.702372279
11061,189065,153363,4980,2020/8/29 08:37,121.442,31.246,2020/8/29 08:53,121.443,31.242,29,星期一,8,0,0.45361
11062,189030,142425,11063,2020/8/29 08:37,121.428,31.199,2020/8/29 08:50,121.437,31.192,29,星期一,8,0,1.156776833
11063,189178,24327,2806,2020/8/29 08:38,121.421,31.284,2020/8/29 08:53,121.438,31.278,29,星期一,8,0,1.750154246
11064,189238,122500,6798,2020/8/29 08:39,121.459,31.249,2020/8/29 08:44,121.465,31.247,29,星期一,8,0,0.613047111
11065,202350,16478,6452,2020/8/29 08:40,121.398,31.16,2020/8/29 08:54,121.411,31.151,29,星期一,8,0,1.591274044
11066,202390,318775,6367,2020/8/29 08:41,121.545,31.297,2020/8/29 08:46,121.551,31.29,29,星期一,8,0,0.96369407
11067,202666,253624,5409,2020/8/29 08:42,121.448,31.307,2020/8/29 08:58,121.471,31.305,29,星期一,8,0,2.200752848
11068,202756,159585,8900,2020/8/29 08:43,121.523,31.328,2020/8/29 09:00,121.508,31.309,29,星期一,8,0,2.544881588
11069,202948,83364,927,2020/8/29 08:44,121.474,31.32,2020/8/29 08:51,121.472,31.325,29,星期一,8,0,0.586148209
11070,202974,316971,4274,2020/8/29 08:45,121.518,31.251,2020/8/29 08:51,121.529,31.252,29,星期一,8,0,1.05362951
11071,203118,166831,12957,2020/8/29 08:46,121.489,31.253,2020/8/29 08:51,121.483,31.254,29,星期一,8,0,0.582159735
11072,216059,316805,7444,2020/8/29 08:48,121.527,31.274,2020/8/29 08:53,121.533,31.268,29,星期一,8,0,0.876953296
11073,216270,245622,16016,2020/8/29 08:49,121.43,31.256,2020/8/29 09:15,121.441,31.228,29,星期一,8,0,3.276544599
11074,216366,169418,13314,2020/8/29 08:50,121.428,31.193,2020/8/29 08:57,121.438,31.19,29,星期一,8,0,1.009499564
11075,216352,113787,11847,2020/8/29 08:50,121.481,31.198,2020/8/29 08:56,121.482,31.202,29,星期一,8,0,0.453616301
11076,216388,352313,11338,2020/8/29 08:51,121.449,31.279,2020/8/29 08:54,121.443,31.278,29,星期一,8,0,0.582011923
11077,216640,86074,8854,2020/8/29 08:52,121.413,31.302,2020/8/29 09:20,121.443,31.28,29,星期一,8,0,3.756175037
11078,229586,61330,16528,2020/8/29 08:53,121.458,31.25,2020/8/29 09:02,121.452,31.258,29,星期一,8,0,1.055161621
11079,229818,126849,1986,2020/8/29 08:54,121.39,31.269,2020/8/29 09:02,121.388,31.277,29,星期一,8,0,0.907211688
11080,229842,299742,3061,2020/8/29 08:55,121.5,31.344,2020/8/29 08:57,121.497,31.34,29,星期一,8,0,0.52744223
11081,230102,78965,12744,2020/8/29 08:57,121.483,31.29,2020/8/29 09:15,121.507,31.296,29,星期一,8,0,2.379931032
11082,230241,179721,4668,2020/8/29 08:58,121.487,31.283,2020/8/29 09:07,121.496,31.285,29,星期一,8,0,0.885205055
11083,230401,55309,15088,2020/8/29 09:00,121.392,31.153,2020/8/29 09:13,121.403,31.158,29,星期一,9,0,1.186329454
11084,243440,354091,4509,2020/8/29 09:02,121.484,31.305,2020/8/29 09:05,121.487,31.298,29,星期一,9,0,0.827005384
11085,243510,80446,15040,2020/8/29 09:03,121.445,31.224,2020/8/29 09:09,121.45,31.231,29,星期一,9,0,0.910655839
11086,243635,137002,16444,2020/8/29 09:04,121.402,31.299,2020/8/29 09:11,121.413,31.302,29,星期一,9,0,1.098793143
11087,243792,24397,702,2020/8/29 09:05,121.49,31.248,2020/8/29 09:12,121.491,31.253,29,星期一,9,0,0.562492793
11088,243963,51676,1123,2020/8/29 09:07,121.464,31.293,2020/8/29 09:28,121.494,31.294,29,星期一,9,0,2.85846619
11089,257040,351157,13128,2020/8/29 09:09,121.445,31.19,2020/8/29 09:31,121.422,31.204,29,星期一,9,0,2.685992365
11090,257135,334755,16172,2020/8/29 09:11,121.414,31.18,2020/8/29 09:24,121.419,31.167,29,星期一,9,0,1.518112622
11091,257329,124225,12324,2020/8/29 09:12,121.485,31.306,2020/8/29 09:26,121.5,31.301,29,星期一,9,0,1.531839814
11092,257409,227412,2695,2020/8/29 09:14,121.435,31.197,2020/8/29 09:20,121.429,31.198,29,星期一,9,0,0.582490451
11093,257571,3582,17439,2020/8/29 09:15,121.454,31.227,2020/8/29 09:28,121.44,31.23,29,星期一,9,0,1.374707605
11094,257738,323962,7965,2020/8/29 09:17,121.451,31.159,2020/8/29 09:23,121.457,31.163,29,星期一,9,0,0.723834061
11095,257821,184057,17313,2020/8/29 09:18,121.47,31.271,2020/8/29 09:26,121.478,31.269,29,星期一,9,0,0.793487639
11096,270627,209524,17155,2020/8/29 09:19,121.443,31.185,2020/8/29 09:30,121.427,31.182,29,星期一,9,0,1.560983425
11097,270808,329819,11246,2020/8/29 09:21,121.491,31.229,2020/8/29 09:26,121.489,31.233,29,星期一,9,0,0.482695254
11098,270850,153313,3149,2020/8/29 09:22,121.452,31.223,2020/8/29 09:33,121.443,31.233,29,星期一,9,0,1.401632612
11099,270945,191256,15964,2020/8/29 09:23,121.436,31.332,2020/8/29 09:28,121.439,31.33,29,星期一,9,0,0.361516185
11100,271091,235196,7086,2020/8/29 09:25,121.488,31.231,2020/8/29 09:30,121.493,31.229,29,星期一,9,0,0.525453456
11101,271157,332952,654,2020/8/29 09:26,121.49,31.277,2020/8/29 09:34,121.493,31.286,29,星期一,9,0,1.037953872
11102,271331,70272,11650,2020/8/29 09:27,121.427,31.268,2020/8/29 09:32,121.422,31.264,29,星期一,9,0,0.650727609
11103,271335,31864,14863,2020/8/29 09:28,121.488,31.252,2020/8/29 09:41,121.483,31.247,29,星期一,9,0,0.730863347
11104,284342,225197,11764,2020/8/29 09:30,121.561,31.21,2020/8/29 09:53,121.531,31.217,29,星期一,9,0,2.962204646
11105,284503,337256,11000,2020/8/29 09:32,121.383,31.16,2020/8/29 09:48,121.403,31.163,29,星期一,9,0,1.935650677
11106,284523,269769,14703,2020/8/29 09:33,121.343,31.164,2020/8/29 09:38,121.336,31.159,29,星期一,9,0,0.867605784
11107,284731,135076,12630,2020/8/29 09:36,121.449,31.187,2020/8/29 09:45,121.436,31.182,29,星期一,9,0,1.357509692
11108,284746,278917,1252,2020/8/29 09:37,121.518,31.22,2020/8/29 09:53,121.503,31.236,29,星期一,9,0,2.278033732
11109,284904,329621,9815,2020/8/29 09:39,121.521,31.315,2020/8/29 09:43,121.515,31.311,29,星期一,9,0,0.723117416
11110,285037,243822,14508,2020/8/29 09:41,121.416,31.293,2020/8/29 09:52,121.404,31.294,29,星期一,9,0,1.147893242
11111,298097,27628,6836,2020/8/29 09:43,121.485,31.242,2020/8/29 09:52,121.484,31.238,29,星期一,9,0,0.453610573
11112,298163,305519,16936,2020/8/29 09:45,121.373,31.321,2020/8/29 09:50,121.371,31.316,29,星期一,9,0,0.586150496
11113,298299,265633,13412,2020/8/29 09:47,121.472,31.273,2020/8/29 09:52,121.476,31.27,29,星期一,9,0,0.505713037
11114,298417,309528,16482,2020/8/29 09:49,121.533,31.164,2020/8/29 10:18,121.531,31.175,29,星期一,9,0,1.234410744
11115,298506,265283,3557,2020/8/29 09:51,121.484,31.323,2020/8/29 10:00,121.485,31.333,29,星期一,9,0,1.112828663
11116,298723,228303,15829,2020/8/29 09:54,121.432,31.272,2020/8/29 10:05,121.449,31.283,29,星期一,9,0,2.026856262
11117,311586,277783,8095,2020/8/29 09:56,121.385,31.167,2020/8/29 10:04,121.383,31.175,29,星期一,9,0,0.907240902
11118,311642,214045,6164,2020/8/29 09:58,121.36,31.219,2020/8/29 10:08,121.356,31.226,29,星期一,9,0,0.864644107
11119,311728,154576,2614,2020/8/29 10:00,121.445,31.217,2020/8/29 10:05,121.442,31.222,29,星期一,10,0,0.623726426
11120,311884,225784,1409,2020/8/29 10:02,121.514,31.303,2020/8/29 10:08,121.517,31.308,29,星期一,10,0,0.623614326
11121,312046,333252,17415,2020/8/29 10:05,121.403,31.21,2020/8/29 10:17,121.393,31.223,29,星期一,10,0,1.727851523
11122,312064,78014,1275,2020/8/29 10:06,121.452,31.28,2020/8/29 10:12,121.443,31.279,29,星期一,10,0,0.864163383
11123,312170,366362,7159,2020/8/29 10:08,121.517,31.303,2020/8/29 10:14,121.525,31.309,29,星期一,10,0,1.011219504
11124,312215,269198,7515,2020/8/29 10:09,121.514,31.303,2020/8/29 10:12,121.51,31.305,29,星期一,10,0,0.440660049
11125,325327,78794,1010,2020/8/29 10:13,121.366,31.23,2020/8/29 10:20,121.367,31.237,29,星期一,10,0,0.781939949
11126,325481,118457,17650,2020/8/29 10:16,121.378,31.233,2020/8/29 10:39,121.366,31.227,29,星期一,10,0,1.322747096
11127,325571,173148,17603,2020/8/29 10:18,121.47,31.19,2020/8/29 10:47,121.43,31.17,29,星期一,10,0,4.410881499
11128,325710,48741,13412,2020/8/29 10:21,121.476,31.27,2020/8/29 10:47,121.491,31.263,29,星期一,10,0,1.62577864
11129,325818,7443,2932,2020/8/29 10:24,121.458,31.197,2020/8/29 10:32,121.466,31.204,29,星期一,10,0,1.087955962
11130,325913,198997,16807,2020/8/29 10:26,121.423,31.206,2020/8/29 10:37,121.422,31.216,29,星期一,10,0,1.112818584
11131,326073,268263,5578,2020/8/29 10:30,121.507,31.313,2020/8/29 10:34,121.51,31.317,29,星期一,10,0,0.527484776
11132,339255,109674,6643,2020/8/29 10:33,121.454,31.219,2020/8/29 10:43,121.457,31.229,29,星期一,10,0,1.14498662
11133,339349,132362,4996,2020/8/29 10:36,121.438,31.34,2020/8/29 10:40,121.445,31.342,29,星期一,10,0,0.702078799
11134,339465,50930,4001,2020/8/29 10:38,121.491,31.259,2020/8/29 10:48,121.48,31.258,29,星期一,10,0,1.053552642
11135,339537,328934,10447,2020/8/29 10:39,121.317,31.309,2020/8/29 11:13,121.315,31.293,29,星期一,10,0,1.784183473
11136,339732,158963,3428,2020/8/29 10:43,121.44,31.331,2020/8/29 11:00,121.422,31.333,29,星期一,10,0,1.727384656
11137,339860,233776,11507,2020/8/29 10:46,121.495,31.262,2020/8/29 10:55,121.49,31.249,29,星期一,10,0,1.518001039
11138,339909,83710,426,2020/8/29 10:47,121.498,31.27,2020/8/29 10:54,121.508,31.271,29,星期一,10,0,0.958768577
11139,352689,303570,6419,2020/8/29 10:50,121.486,31.346,2020/8/29 10:58,121.493,31.336,29,星期一,10,0,1.293474179
11140,352833,42969,12370,2020/8/29 10:53,121.451,31.265,2020/8/29 11:04,121.459,31.247,29,星期一,10,0,2.136248804
11141,352929,256893,14669,2020/8/29 10:55,121.528,31.288,2020/8/29 11:31,121.496,31.309,29,星期一,10,0,3.834437688
11142,353027,64228,11099,2020/8/29 10:58,121.385,31.167,2020/8/29 11:12,121.4,31.161,29,星期一,10,0,1.57725717
11143,353120,39853,12488,2020/8/29 11:00,121.437,31.196,2020/8/29 11:14,121.42,31.207,29,星期一,11,0,2.027883348
11144,353281,352922,9576,2020/8/29 11:03,121.497,31.281,2020/8/29 11:40,121.445,31.279,29,星期一,11,0,4.956614341
11145,353365,200147,11056,2020/8/29 11:05,121.427,31.163,2020/8/29 11:18,121.432,31.168,29,星期一,11,0,0.731132344
11146,366532,332939,7690,2020/8/29 11:07,121.516,31.226,2020/8/29 11:23,121.533,31.214,29,星期一,11,0,2.096195092
11147,366741,308037,10380,2020/8/29 11:11,121.434,31.258,2020/8/29 11:18,121.441,31.256,29,星期一,11,0,0.702638768
11148,366735,324962,16062,2020/8/29 11:12,121.524,31.293,2020/8/29 11:25,121.529,31.296,29,星期一,11,0,0.580740633
11149,366864,71075,16165,2020/8/29 11:14,121.532,31.303,2020/8/29 11:21,121.539,31.3,29,星期一,11,0,0.744815837
11150,367004,271874,6513,2020/8/29 11:17,121.365,31.252,2020/8/29 11:22,121.367,31.26,29,星期一,11,0,0.907216561
11151,367131,328847,12345,2020/8/29 11:19,121.44,31.315,2020/8/29 11:42,121.45,31.308,29,星期一,11,0,1.228221319
11152,380202,267302,4195,2020/8/29 11:24,121.44,31.156,2020/8/29 11:57,121.419,31.138,29,星期一,11,0,2.827160008
11153,380318,261554,14322,2020/8/29 11:26,121.537,31.263,2020/8/29 11:30,121.534,31.266,29,星期一,11,0,0.438489154
11154,380385,76909,12529,2020/8/29 11:28,121.466,31.23,2020/8/29 11:34,121.457,31.231,29,星期一,11,0,0.864602394
11155,380517,125484,11914,2020/8/29 11:30,121.49,31.248,2020/8/29 11:37,121.484,31.251,29,星期一,11,0,0.66127257
11156,380625,22754,3017,2020/8/29 11:32,121.483,31.202,2020/8/29 11:39,121.476,31.206,29,星期一,11,0,0.801068489
11157,380790,3381,17603,2020/8/29 11:35,121.444,31.169,2020/8/29 11:46,121.446,31.173,29,星期一,11,0,0.48273895
11158,393865,93223,12019,2020/8/29 11:38,121.492,31.299,2020/8/29 11:51,121.514,31.303,29,星期一,11,0,2.140905286
11159,394089,361441,17600,2020/8/29 11:42,121.456,31.186,2020/8/29 11:46,121.459,31.188,29,星期一,11,0,0.361855835
11160,394213,63146,3036,2020/8/29 11:44,121.445,31.288,2020/8/29 11:53,121.432,31.289,29,星期一,11,0,1.242757658
11161,394380,250881,5138,2020/8/29 11:47,121.537,31.311,2020/8/29 11:53,121.535,31.318,29,星期一,11,0,0.79913256
11162,394485,194624,6822,2020/8/29 11:48,121.53,31.318,2020/8/29 12:01,121.542,31.324,29,星期一,11,0,1.321803744
11163,407403,64893,5309,2020/8/29 11:52,121.509,31.316,2020/8/29 12:06,121.514,31.303,29,星期一,11,0,1.517927462
11164,407559,15252,14684,2020/8/29 11:54,121.537,31.193,2020/8/29 12:01,121.54,31.192,29,星期一,11,0,0.30667891
11165,407661,184299,11777,2020/8/29 11:56,121.537,31.263,2020/8/29 12:19,121.518,31.284,29,星期一,11,0,2.948747295
11166,407788,367196,11652,2020/8/29 11:58,121.428,31.327,2020/8/29 12:04,121.436,31.321,29,星期一,11,0,1.011111659
11167,407805,148050,16986,2020/8/29 11:59,121.49,31.311,2020/8/29 12:13,121.501,31.335,29,星期一,11,0,2.85956492
11168,407974,46822,15131,2020/8/29 12:02,121.51,31.261,2020/8/29 12:19,121.501,31.251,29,星期一,12,0,1.40148172
11169,408038,355868,2534,2020/8/29 12:03,121.459,31.244,2020/8/29 12:16,121.444,31.246,29,星期一,12,0,1.445992251
11170,408166,307294,4840,2020/8/29 12:04,121.382,31.223,2020/8/29 12:11,121.386,31.214,29,星期一,12,0,1.068172662
11171,421327,367258,3173,2020/8/29 12:07,121.425,31.203,2020/8/29 12:21,121.431,31.213,29,星期一,12,0,1.247482801
11172,421445,4302,9015,2020/8/29 12:09,121.49,31.248,2020/8/29 12:20,121.482,31.258,29,星期一,12,0,1.345347142
11173,421674,366893,16255,2020/8/29 12:12,121.335,31.259,2020/8/29 12:19,121.342,31.255,29,星期一,12,0,0.800760561
11174,421788,92436,15535,2020/8/29 12:14,121.395,31.165,2020/8/29 12:22,121.4,31.157,29,星期一,12,0,1.006970212
11175,421864,48647,5786,2020/8/29 12:15,121.43,31.276,2020/8/29 12:25,121.422,31.283,29,星期一,12,0,1.087518377
11176,422001,300449,14474,2020/8/29 12:17,121.524,31.334,2020/8/29 12:41,121.512,31.305,29,星期一,12,0,3.412225087
11177,435074,354088,2206,2020/8/29 12:20,121.403,31.238,2020/8/29 12:25,121.402,31.243,29,星期一,12,0,0.562493642
11178,435248,307079,2214,2020/8/29 12:24,121.415,31.243,2020/8/29 12:31,121.413,31.241,29,星期一,12,0,0.292354954
11179,435332,263575,10738,2020/8/29 12:25,121.507,31.316,2020/8/29 12:38,121.517,31.304,29,星期一,12,0,1.635974396
11180,435432,218088,1805,2020/8/29 12:27,121.442,31.282,2020/8/29 12:38,121.454,31.272,29,星期一,12,0,1.592209182
11181,435525,127126,1442,2020/8/29 12:28,121.479,31.311,2020/8/29 12:35,121.485,31.306,29,星期一,12,0,0.795970158
11182,435609,147546,10038,2020/8/29 12:29,121.41,31.267,2020/8/29 12:36,121.402,31.264,29,星期一,12,0,0.831350061
11183,448714,92224,2114,2020/8/29 12:31,121.342,31.307,2020/8/29 12:42,121.334,31.305,29,星期一,12,0,0.793210086
11184,448875,162702,14446,2020/8/29 12:33,121.423,31.008,2020/8/29 12:44,121.446,31.014,29,星期一,12,0,2.294874713
11185,448931,131630,16202,2020/8/29 12:34,121.446,31.262,2020/8/29 12:41,121.452,31.267,29,星期一,12,0,0.796157911
11186,449030,348695,16988,2020/8/29 12:36,121.49,31.262,2020/8/29 12:58,121.457,31.244,29,星期一,12,0,3.72333186
11187,449124,350496,8659,2020/8/29 12:38,121.32,31.295,2020/8/29 12:46,121.307,31.289,29,星期一,12,0,1.405202402
11188,449292,295644,10820,2020/8/29 12:40,121.49,31.245,2020/8/29 12:46,121.482,31.243,29,星期一,12,0,0.793687919
11189,462512,356146,2193,2020/8/29 12:43,121.472,31.259,2020/8/29 12:45,121.471,31.26,29,星期一,12,0,0.146166258
11190,462740,7606,9035,2020/8/29 12:46,121.539,31.265,2020/8/29 12:51,121.533,31.268,29,星期一,12,0,0.661184495
11191,462749,322215,15736,2020/8/29 12:47,121.396,31.274,2020/8/29 12:51,121.391,31.269,29,星期一,12,0,0.73079281
11192,462916,131266,11839,2020/8/29 12:49,121.399,31.157,2020/8/29 13:04,121.394,31.165,29,星期一,12,0,1.006970212
11193,463101,4969,17087,2020/8/29 12:52,121.471,31.2,2020/8/29 13:03,121.464,31.203,29,星期一,12,0,0.74544237
11194,463245,347360,9387,2020/8/29 12:54,121.512,31.181,2020/8/29 13:02,121.509,31.185,29,星期一,12,0,0.527692431
11195,476463,66733,5773,2020/8/29 12:59,121.486,31.405,2020/8/29 13:10,121.481,31.404,29,星期一,12,0,0.488249838
11196,476653,367052,1834,2020/8/29 13:02,121.434,31.203,2020/8/29 13:09,121.429,31.21,29,星期一,13,0,0.91070877
11197,476735,19936,7423,2020/8/29 13:03,121.373,31.233,2020/8/29 13:05,121.377,31.232,29,星期一,13,0,0.396888229
11198,476854,367757,850,2020/8/29 13:05,121.406,31.278,2020/8/29 13:10,121.408,31.283,29,星期一,13,0,0.586172209
11199,477037,330242,3221,2020/8/29 13:08,121.484,31.234,2020/8/29 14:02,121.465,31.222,29,星期一,13,0,2.246593262
11200,489990,6177,7686,2020/8/29 13:10,121.455,31.242,2020/8/29 13:15,121.451,31.24,29,星期一,13,0,0.440877728
11201,490138,24957,1990,2020/8/29 13:13,121.494,31.202,2020/8/29 13:33,121.493,31.201,29,星期一,13,0,0.146203425
11202,490304,7447,14106,2020/8/29 13:16,121.465,31.219,2020/8/29 13:22,121.457,31.213,29,星期一,13,0,1.011758019
11203,490454,38358,3606,2020/8/29 13:18,121.517,31.238,2020/8/29 13:26,121.508,31.235,29,星期一,13,0,0.919667296
11204,490623,94716,17011,2020/8/29 13:21,121.524,31.222,2020/8/29 13:30,121.531,31.221,29,星期一,13,0,0.676132127
11205,503959,157823,16313,2020/8/29 13:24,121.506,31.27,2020/8/29 13:30,121.516,31.274,29,星期一,13,0,1.050525893
11206,504026,2835,951,2020/8/29 13:26,121.439,31.26,2020/8/29 13:30,121.436,31.264,29,星期一,13,0,0.527568223
11207,504139,217695,7437,2020/8/29 13:27,121.527,31.223,2020/8/29 13:41,121.53,31.24,29,星期一,13,0,1.906396244
11208,504356,281933,5636,2020/8/29 13:30,121.363,31.206,2020/8/29 13:44,121.36,31.22,29,星期一,13,0,1.578329122
11209,504403,200767,13516,2020/8/29 13:31,121.498,31.394,2020/8/29 13:49,121.488,31.381,29,星期一,13,0,1.726936068
11210,504451,332446,162,2020/8/29 13:32,121.329,31.125,2020/8/29 13:38,121.325,31.132,29,星期一,13,0,0.864800013
11211,504550,367908,17084,2020/8/29 13:33,121.424,31.145,2020/8/29 13:42,121.426,31.142,29,星期一,13,0,0.383416371
11212,517512,353483,8513,2020/8/29 13:36,121.392,31.166,2020/8/29 13:48,121.397,31.15,29,星期一,13,0,1.836896755
11213,517621,247706,16293,2020/8/29 13:38,121.447,31.298,2020/8/29 13:43,121.446,31.294,29,星期一,13,0,0.453602547
11214,517758,351402,5639,2020/8/29 13:40,121.442,31.313,2020/8/29 14:12,121.453,31.345,29,星期一,13,0,3.699240766
11215,517907,368072,16841,2020/8/29 13:42,121.482,31.225,2020/8/29 13:50,121.48,31.226,29,星期一,13,0,0.220465615
11216,518049,146583,13420,2020/8/29 13:45,121.505,31.297,2020/8/29 13:53,121.497,31.3,29,星期一,13,0,0.831107639
11217,518183,367901,7501,2020/8/29 13:47,121.455,31.312,2020/8/29 13:58,121.467,31.308,29,星期一,13,0,1.2253989
11218,531279,349103,12770,2020/8/29 13:50,121.364,31.222,2020/8/29 13:54,121.36,31.22,29,星期一,13,0,0.440946758
11219,531400,70627,3115,2020/8/29 13:51,121.478,31.269,2020/8/29 14:11,121.471,31.276,29,星期一,13,0,1.023105444
11220,531562,80360,9091,2020/8/29 13:54,121.456,31.298,2020/8/29 14:08,121.458,31.299,29,星期一,13,0,0.220339534
11221,531678,227012,15119,2020/8/29 13:56,121.528,31.302,2020/8/29 14:10,121.532,31.314,29,星期一,13,0,1.383914459
11222,531813,282352,7377,2020/8/29 13:58,121.542,31.271,2020/8/29 14:02,121.543,31.274,29,星期一,13,0,0.345986664
11223,532055,368226,15042,2020/8/29 14:01,121.337,31.242,2020/8/29 14:14,121.344,31.251,29,星期一,14,0,1.200149538
11224,545070,10335,16209,2020/8/29 14:03,121.483,31.221,2020/8/29 14:13,121.492,31.223,29,星期一,14,0,0.885746884
11225,545316,135957,5523,2020/8/29 14:06,121.488,31.291,2020/8/29 14:25,121.504,31.304,29,星期一,14,0,2.097141091
11226,545423,336544,9513,2020/8/29 14:08,121.484,31.304,2020/8/29 14:14,121.481,31.298,29,星期一,14,0,0.723966313
11227,545723,12495,10264,2020/8/29 14:13,121.403,31.251,2020/8/29 14:19,121.404,31.247,29,星期一,14,0,0.453609284
11228,558858,240292,310,2020/8/29 14:15,121.458,31.184,2020/8/29 14:22,121.456,31.185,29,星期一,14,0,0.220536322
11229,558950,227446,10834,2020/8/29 14:17,121.43,31.284,2020/8/29 14:28,121.44,31.294,29,星期一,14,0,1.46147335
11230,559145,333635,7625,2020/8/29 14:21,121.603,31.241,2020/8/29 14:38,121.608,31.24,29,星期一,14,0,0.48905259
11231,559276,309994,9924,2020/8/29 14:23,121.422,31.276,2020/8/29 14:33,121.409,31.279,29,星期一,14,0,1.28185299
11232,559503,92855,16590,2020/8/29 14:27,121.449,31.283,2020/8/29 14:32,121.441,31.282,29,星期一,14,0,0.769798934
11233,572620,155111,13172,2020/8/29 14:30,121.467,31.242,2020/8/29 14:49,121.457,31.235,29,星期一,14,0,1.228784221
11234,572770,61295,12537,2020/8/29 14:32,121.49,31.313,2020/8/29 14:56,121.485,31.278,29,星期一,14,0,3.909699026
11235,572908,35423,13705,2020/8/29 14:35,121.36,31.244,2020/8/29 14:45,121.373,31.247,29,星期一,14,0,1.28225601
11236,573017,126284,15414,2020/8/29 14:37,121.423,31.273,2020/8/29 15:07,121.455,31.271,29,星期一,14,0,3.055484592
11237,573093,143889,7541,2020/8/29 14:39,121.488,31.291,2020/8/29 14:42,121.485,31.292,29,星期一,14,0,0.306401625
11238,573300,358019,7485,2020/8/29 14:42,121.386,31.314,2020/8/29 14:49,121.381,31.313,29,星期一,14,0,0.488695728
11239,586326,157426,11094,2020/8/29 14:43,121.345,31.173,2020/8/29 14:49,121.35,31.171,29,星期一,14,0,0.525716185
11240,586431,306773,5336,2020/8/29 14:45,121.463,31.246,2020/8/29 15:03,121.458,31.24,29,星期一,14,0,0.818177435
11241,586540,90980,7185,2020/8/29 14:47,121.427,31.265,2020/8/29 15:03,121.411,31.271,29,星期一,14,0,1.662663405
11242,586657,86368,16256,2020/8/29 14:49,121.451,31.225,2020/8/29 14:54,121.458,31.229,29,星期一,14,0,0.800934912
11243,586813,327348,5307,2020/8/29 14:52,121.461,31.21,2020/8/29 14:55,121.46,31.209,29,星期一,14,0,0.146198301
11244,586935,368615,14450,2020/8/29 14:54,121.557,31.287,2020/8/29 15:07,121.548,31.299,29,星期一,14,0,1.582558276
11245,586984,178451,772,2020/8/29 14:55,121.541,31.275,2020/8/29 15:04,121.539,31.268,29,星期一,14,0,0.799148106
11246,599933,345021,6751,2020/8/29 14:57,121.426,31.16,2020/8/29 15:21,121.427,31.135,29,星期一,14,0,2.773439846
11247,600059,239181,17595,2020/8/29 14:59,121.343,31.168,2020/8/29 15:18,121.326,31.169,29,星期一,14,0,1.624498574
11248,600162,19381,16225,2020/8/29 15:01,121.472,31.22,2020/8/29 15:08,121.462,31.217,29,星期一,15,0,1.009244448
11249,600351,24381,12224,2020/8/29 15:05,121.423,31.179,2020/8/29 15:21,121.409,31.193,29,星期一,15,0,2.046986877
11250,600495,8830,17594,2020/8/29 15:07,121.516,31.287,2020/8/29 15:31,121.509,31.303,29,星期一,15,0,1.895052305
11251,600643,300756,15300,2020/8/29 15:09,121.386,31.315,2020/8/29 15:33,121.389,31.32,29,星期一,15,0,0.623598669
11252,600695,198694,253,2020/8/29 15:10,121.448,31.283,2020/8/29 15:23,121.444,31.272,29,星期一,15,0,1.277714576
11253,614208,285909,4341,2020/8/29 15:13,121.355,31.401,2020/8/29 15:28,121.364,31.389,29,星期一,15,0,1.582075921
11254,614297,191308,7648,2020/8/29 15:15,121.438,31.335,2020/8/29 15:24,121.435,31.324,29,星期一,15,0,1.252602231
11255,614367,235708,17377,2020/8/29 15:16,121.482,31.226,2020/8/29 15:28,121.487,31.212,29,星期一,15,0,1.623695053
11256,614572,56553,5098,2020/8/29 15:19,121.531,31.314,2020/8/29 15:26,121.525,31.318,29,星期一,15,0,0.723103245
11257,614592,236744,9021,2020/8/29 15:20,121.453,31.23,2020/8/29 16:59,121.431,31.104,29,星期一,15,0,14.12648925
11258,614776,317790,13484,2020/8/29 15:22,121.408,31.108,2020/8/29 15:39,121.403,31.13,29,星期一,15,0,2.485362313
11259,626920,331856,1874,2020/8/29 15:24,121.467,31.204,2020/8/29 15:35,121.466,31.21,29,星期一,15,0,0.672029322
11260,627078,1864,9592,2020/8/29 15:27,121.358,31.344,2020/8/29 15:53,121.359,31.348,29,星期一,15,0,0.453595373
11261,627191,119600,5529,2020/8/29 15:29,121.467,31.335,2020/8/29 15:41,121.475,31.32,29,星期一,15,0,1.829135366
11262,627333,28164,16626,2020/8/29 15:31,121.415,31.174,2020/8/29 15:36,121.424,31.175,29,星期一,15,0,0.865103364
11263,627436,4602,1217,2020/8/29 15:33,121.449,31.212,2020/8/29 15:39,121.442,31.21,29,星期一,15,0,0.702944863
11264,627592,196753,13905,2020/8/29 15:35,121.457,31.196,2020/8/29 15:46,121.468,31.205,29,星期一,15,0,1.447321288
11265,627619,17880,1765,2020/8/29 15:36,121.508,31.279,2020/8/29 15:40,121.518,31.281,29,星期一,15,0,0.977719169
11266,639978,169268,14493,2020/8/29 15:38,121.455,31.153,2020/8/29 16:02,121.445,31.179,29,星期一,15,0,3.036245633
11267,640125,312718,12284,2020/8/29 15:40,121.486,31.303,2020/8/29 15:47,121.498,31.301,29,星期一,15,0,1.163745767
11268,640226,301858,12663,2020/8/29 15:42,121.347,31.265,2020/8/29 15:48,121.34,31.266,29,星期一,15,0,0.6758273
11269,640354,368824,8337,2020/8/29 15:43,121.466,31.252,2020/8/29 16:06,121.468,31.253,29,星期一,15,0,0.22041901
11270,640428,220787,12322,2020/8/29 15:44,121.486,31.209,2020/8/29 15:54,121.494,31.218,29,星期一,15,0,1.255732028
11271,640554,64416,7541,2020/8/29 15:46,121.485,31.292,2020/8/29 15:57,121.49,31.307,29,星期一,15,0,1.729902712
11272,640691,210302,12041,2020/8/29 15:48,121.459,31.332,2020/8/29 16:24,121.511,31.302,29,星期一,15,0,5.96352462
11273,651874,136634,16679,2020/8/29 15:50,121.466,31.21,2020/8/29 16:12,121.441,31.195,29,星期一,15,0,2.90558242
11274,651978,67459,13231,2020/8/29 15:53,121.436,31.226,2020/8/29 16:09,121.426,31.235,29,星期一,15,0,1.379650501
11275,652156,366130,7338,2020/8/29 15:55,121.519,31.24,2020/8/29 16:01,121.524,31.239,29,星期一,15,0,0.489057473
11276,652285,206057,6466,2020/8/29 15:57,121.321,31.238,2020/8/29 15:59,121.32,31.24,29,星期一,15,0,0.241344712
11277,652514,110982,15379,2020/8/29 16:00,121.393,31.278,2020/8/29 16:14,121.377,31.272,29,星期一,16,0,1.662560588
11278,652587,76787,6071,2020/8/29 16:02,121.494,31.336,2020/8/29 16:05,121.491,31.331,29,星期一,16,0,0.623577786
11279,665002,258254,4871,2020/8/29 16:05,121.452,31.279,2020/8/29 16:20,121.47,31.267,29,星期一,16,0,2.169918804
11280,665099,119740,10658,2020/8/29 16:07,121.541,31.318,2020/8/29 16:18,121.536,31.328,29,星期一,16,0,1.206570379
11281,665173,128171,981,2020/8/29 16:08,121.532,31.314,2020/8/29 16:24,121.554,31.311,29,星期一,16,0,2.120461725
11282,665267,315819,13747,2020/8/29 16:09,121.351,31.22,2020/8/29 16:38,121.31,31.236,29,星期一,16,0,4.290265483
11283,665494,294860,4550,2020/8/29 16:12,121.536,31.331,2020/8/29 16:18,121.538,31.324,29,星期一,16,0,0.799127858
11284,665574,22340,4989,2020/8/29 16:13,121.39,31.209,2020/8/29 16:31,121.413,31.212,29,星期一,16,0,2.216853419
11285,677801,362514,12147,2020/8/29 16:16,121.438,30.991,2020/8/29 16:45,121.435,30.99,29,星期一,16,0,0.307242337
11286,678076,24534,10524,2020/8/29 16:19,121.297,31.187,2020/8/29 16:38,121.294,31.211,29,星期一,16,0,2.676265982
11287,678160,294464,14545,2020/8/29 16:21,121.428,31.159,2020/8/29 16:29,121.432,31.168,29,星期一,16,0,1.068243376
11288,678361,45517,1564,2020/8/29 16:23,121.538,31.15,2020/8/29 16:42,121.551,31.12,29,星期一,16,0,3.549705492
11289,690534,107177,917,2020/8/29 16:25,121.507,31.316,2020/8/29 16:39,121.516,31.301,29,星期一,16,0,1.870831234
11290,690657,156031,14461,2020/8/29 16:27,121.5,31.275,2020/8/29 16:59,121.473,31.301,29,星期一,16,0,3.862556522
11291,690818,333551,869,2020/8/29 16:29,121.42,31.208,2020/8/29 16:38,121.429,31.202,29,星期一,16,0,1.085440335
11292,690938,144926,17116,2020/8/29 16:31,121.505,31.301,2020/8/29 16:43,121.515,31.299,29,星期一,16,0,0.977523556
11293,691031,169624,7656,2020/8/29 16:32,121.459,31.254,2020/8/29 16:43,121.445,31.258,29,星期一,16,0,1.405290851
11294,691232,48686,16185,2020/8/29 16:34,121.52,31.281,2020/8/29 17:03,121.532,31.317,29,星期一,16,0,4.151767862
11295,703611,192790,14635,2020/8/29 16:36,121.486,31.251,2020/8/29 16:58,121.466,31.249,29,星期一,16,0,1.917946023
11296,703813,237212,15337,2020/8/29 16:38,121.481,31.294,2020/8/29 16:42,121.482,31.288,29,星期一,16,0,0.672025984
11297,703913,20146,9887,2020/8/29 16:40,121.445,31.279,2020/8/29 16:43,121.451,31.28,29,星期一,16,0,0.582006008
11298,704048,95891,1370,2020/8/29 16:41,121.442,31.208,2020/8/29 17:36,121.412,31.142,29,星期一,16,0,7.856586574
11299,704216,326745,1507,2020/8/29 16:43,121.444,31.211,2020/8/29 17:29,121.404,31.194,29,星期一,16,0,4.252591041
11300,716431,71441,16088,2020/8/29 16:46,121.447,31.225,2020/8/29 16:54,121.458,31.228,29,星期一,16,0,1.099571136
11301,716533,38963,10126,2020/8/29 16:47,121.447,31.318,2020/8/29 16:56,121.438,31.32,29,星期一,16,0,0.884898765
11302,716621,364271,2544,2020/8/29 16:48,121.505,31.253,2020/8/29 17:13,121.487,31.24,29,星期一,16,0,2.239977644
11303,716815,334590,7283,2020/8/29 16:50,121.412,31.232,2020/8/29 17:01,121.417,31.218,29,星期一,16,0,1.623687609
11304,716874,192349,13678,2020/8/29 16:51,121.297,31.188,2020/8/29 16:59,121.298,31.197,29,星期一,16,0,1.002396614
11305,717116,340560,14871,2020/8/29 16:54,121.516,31.139,2020/8/29 17:18,121.494,31.161,29,星期一,16,0,3.217200447
11306,729385,88051,8504,2020/8/29 16:56,121.409,31.206,2020/8/29 17:04,121.416,31.208,29,星期一,16,0,0.702971461
11307,729474,35186,11003,2020/8/29 16:57,121.384,31.223,2020/8/29 17:05,121.385,31.214,29,星期一,16,0,1.002398154
11308,729650,261699,94,2020/8/29 16:58,121.442,31.33,2020/8/29 17:06,121.449,31.334,29,星期一,16,0,0.800324099
11309,729730,51664,2500,2020/8/29 16:59,121.349,31.2,2020/8/29 17:22,121.359,31.211,29,星期一,16,0,1.547778571
11310,729900,334274,5942,2020/8/29 17:01,121.297,31.188,2020/8/29 17:06,121.291,31.194,29,星期一,17,0,0.877260886
11311,730000,135935,1055,2020/8/29 17:02,121.504,31.278,2020/8/29 17:05,121.501,31.275,29,星期一,17,0,0.438466064
11312,742128,235847,7452,2020/8/29 17:03,121.395,31.231,2020/8/29 17:23,121.38,31.244,29,星期一,17,0,2.029667979
11313,742405,346974,17143,2020/8/29 17:05,121.417,31.218,2020/8/29 17:26,121.415,31.217,29,星期一,17,0,0.220479417
11314,742591,334419,16516,2020/8/29 17:06,121.432,31.135,2020/8/29 17:12,121.434,31.143,29,星期一,17,0,0.907250055
11315,742598,355183,12917,2020/8/29 17:06,121.506,31.329,2020/8/29 18:37,121.512,31.33,29,星期一,17,0,0.58171006
11316,742713,176374,14746,2020/8/29 17:07,121.494,31.335,2020/8/29 17:11,121.491,31.331,29,星期一,17,0,0.527456414
11317,755143,368999,15742,2020/8/29 17:09,121.511,31.289,2020/8/29 17:21,121.52,31.296,29,星期一,17,0,1.156135099
11318,755231,227845,8961,2020/8/29 17:10,121.446,31.322,2020/8/29 17:36,121.455,31.276,29,星期一,17,0,5.171707017
11319,755390,248282,2883,2020/8/29 17:11,121.495,31.262,2020/8/29 17:44,121.487,31.24,29,星期一,17,0,2.555483019
11320,755535,225180,8647,2020/8/29 17:12,121.285,31.259,2020/8/29 17:32,121.296,31.271,29,星期一,17,0,1.693437027
11321,755852,366115,493,2020/8/29 17:14,121.304,31.296,2020/8/29 17:54,121.35,31.28,29,星期一,17,0,4.725557603
11322,767888,283828,14928,2020/8/29 17:16,121.4,31.15,2020/8/29 17:22,121.399,31.16,29,星期一,17,0,1.112813768
11323,768002,222676,12314,2020/8/29 17:17,121.466,31.234,2020/8/29 17:26,121.456,31.242,29,星期一,17,0,1.301658301
11324,768150,70693,9616,2020/8/29 17:18,121.422,31.288,2020/8/29 17:36,121.399,31.299,29,星期一,17,0,2.506567045
11325,768308,368685,10803,2020/8/29 17:19,121.53,31.318,2020/8/29 17:30,121.531,31.3,29,星期一,17,0,1.998015283
11326,768455,289308,17605,2020/8/29 17:20,121.498,31.25,2020/8/29 17:40,121.528,31.266,29,星期一,17,0,3.363281588
11327,768529,143061,5046,2020/8/29 17:21,121.53,31.273,2020/8/29 17:31,121.517,31.27,29,星期一,17,0,1.281928584
11328,780385,57224,3551,2020/8/29 17:22,121.37,31.175,2020/8/29 18:11,121.367,31.228,29,星期一,17,0,5.883216802
11329,780494,18780,4462,2020/8/29 17:24,121.449,31.292,2020/8/29 17:43,121.445,31.307,29,星期一,17,0,1.706161884
11330,780667,229197,3901,2020/8/29 17:25,121.468,31.263,2020/8/29 17:40,121.444,31.26,29,星期一,17,0,2.309897644
11331,780846,168742,2383,2020/8/29 17:27,121.488,31.282,2020/8/29 17:38,121.493,31.266,29,星期一,17,0,1.83677681
11332,780997,30903,12084,2020/8/29 17:28,121.472,31.21,2020/8/29 17:42,121.474,31.221,29,星期一,17,0,1.234405128
11333,791288,184778,7737,2020/8/29 17:29,121.433,31.18,2020/8/29 17:37,121.441,31.173,29,星期一,17,0,1.088088738
11334,791448,369358,6537,2020/8/29 17:30,121.431,31.35,2020/8/29 17:36,121.424,31.348,29,星期一,17,0,0.7020254
11335,791584,202793,14510,2020/8/29 17:31,121.506,31.321,2020/8/29 17:55,121.525,31.317,29,星期一,17,0,1.862098047
11336,791781,18153,10249,2020/8/29 17:32,121.398,31.17,2020/8/29 18:15,121.395,31.144,29,星期一,17,0,2.896833276
11337,791890,292995,14441,2020/8/29 17:33,121.503,31.286,2020/8/29 17:49,121.523,31.281,29,星期一,17,0,1.983458971
11338,791861,146431,3538,2020/8/29 17:33,121.38,31.182,2020/8/29 17:47,121.384,31.185,29,星期一,17,0,0.505976097
11339,802348,299227,13231,2020/8/29 17:34,121.432,31.249,2020/8/29 18:46,121.396,31.329,29,星期一,17,0,9.509233183
11340,802539,190741,8528,2020/8/29 17:35,121.314,31.232,2020/8/29 17:46,121.32,31.24,29,星期一,17,0,1.055218249
11341,802588,296608,6503,2020/8/29 17:36,121.487,31.326,2020/8/29 17:42,121.484,31.322,29,星期一,17,0,0.527470597
11342,802710,250909,10400,2020/8/29 17:37,121.331,31.236,2020/8/29 17:43,121.325,31.241,29,星期一,17,0,0.796268763
11343,802932,25553,3701,2020/8/29 17:38,121.379,31.232,2020/8/29 18:32,121.35,31.287,29,星期一,17,0,6.694444163
11344,812547,223396,9523,2020/8/29 18:33,121.483,31.221,2020/8/29 21:06,121.487,31.213,29,星期一,18,0,0.965410908
11345,813124,239346,16073,2020/8/29 18:38,121.435,31.197,2020/8/29 19:22,121.455,31.215,29,星期一,18,0,2.75963489
11346,823854,170027,5853,2020/8/29 18:40,121.4,31.261,2020/8/29 18:51,121.386,31.262,29,星期一,18,0,1.337998863
11347,823983,183231,10463,2020/8/29 18:41,121.485,31.305,2020/8/29 18:49,121.483,31.297,29,星期一,18,0,0.907203659
11348,834979,178573,10279,2020/8/29 18:43,121.508,31.297,2020/8/29 18:50,121.505,31.303,29,星期一,18,0,0.723967408
11349,835281,291835,17607,2020/8/29 18:44,121.495,31.205,2020/8/29 18:52,121.489,31.198,29,星期一,18,0,0.964013685
11350,846438,326426,13209,2020/8/29 18:47,121.362,31.353,2020/8/29 19:46,121.35,31.401,29,星期一,18,0,5.443091055
11351,846619,331499,15409,2020/8/29 18:48,121.32,31.24,2020/8/29 19:33,121.328,31.217,29,星期一,18,0,2.661561215
11352,846830,151659,9800,2020/8/29 18:49,121.495,31.248,2020/8/29 19:08,121.508,31.265,29,星期一,18,0,2.255187427
11353,857425,122719,17319,2020/8/29 18:51,121.407,31.168,2020/8/29 19:41,121.418,31.201,29,星期一,18,0,3.806072538
11354,857563,234155,11326,2020/8/29 18:52,121.445,31.297,2020/8/29 20:56,121.446,31.299,29,星期一,18,0,0.241323199
11355,868386,88240,4004,2020/8/29 18:55,121.441,31.297,2020/8/29 19:20,121.452,31.27,29,星期一,18,0,3.171559059
11356,868744,263893,7054,2020/8/29 18:57,121.449,31.308,2020/8/29 19:42,121.451,31.305,29,星期一,18,0,0.383261127
11357,868930,171898,14095,2020/8/29 18:58,121.501,31.275,2020/8/29 19:24,121.462,31.28,29,星期一,18,0,3.754984706
11358,879764,282487,5047,2020/8/29 19:00,121.334,31.259,2020/8/29 19:19,121.312,31.271,29,星期一,19,0,2.481998793
11359,879834,23190,6646,2020/8/29 19:01,121.443,31.184,2020/8/29 19:26,121.435,31.153,29,星期一,19,0,3.520647481
11360,880080,115282,11234,2020/8/29 19:02,121.489,31.242,2020/8/29 19:20,121.479,31.263,29,星期一,19,0,2.515651524
11361,880393,256247,4800,2020/8/29 19:04,121.532,31.331,2020/8/29 19:48,121.538,31.271,29,星期一,19,0,6.676958007
11362,890953,336979,14529,2020/8/29 19:06,121.42,31.229,2020/8/29 19:35,121.41,31.231,29,星期一,19,0,0.978207717
11363,891239,2851,16729,2020/8/29 19:08,121.428,31.175,2020/8/29 19:53,121.433,31.174,29,星期一,19,0,0.489374597
11364,891237,53947,6310,2020/8/29 19:09,121.466,31.219,2020/8/29 19:19,121.464,31.204,29,星期一,19,0,1.673981237
11365,901757,54553,3124,2020/8/29 19:10,121.406,31.194,2020/8/29 19:18,121.407,31.203,29,星期一,19,0,1.002396969
11366,891408,262906,7422,2020/8/29 19:10,121.585,31.35,2020/8/29 19:18,121.571,31.342,29,星期一,19,0,1.600485064
11367,901929,76108,11889,2020/8/29 19:11,121.379,31.288,2020/8/29 19:22,121.39,31.291,29,星期一,19,0,1.098908892
11368,902109,243790,15264,2020/8/29 19:13,121.374,31.313,2020/8/29 19:24,121.384,31.315,29,星期一,19,0,0.977386561
11369,902346,279543,13583,2020/8/29 19:14,121.379,31.269,2020/8/29 19:32,121.366,31.256,29,星期一,19,0,1.900136339
11370,902387,295732,3538,2020/8/29 19:15,121.384,31.185,2020/8/29 19:16,121.382,31.184,29,星期一,19,0,0.220536322
11371,913051,340825,15269,2020/8/29 19:16,121.309,31.289,2020/8/29 19:29,121.308,31.29,29,星期一,19,0,0.146147014
11372,913210,5371,7245,2020/8/29 19:17,121.442,31.33,2020/8/29 19:27,121.45,31.327,29,星期一,19,0,0.830887067
11373,913400,60292,14803,2020/8/29 19:18,121.419,31.191,2020/8/29 19:43,121.428,31.156,29,星期一,19,0,3.974252702
11374,913530,212778,8920,2020/8/29 19:19,121.362,31.357,2020/8/29 19:29,121.364,31.364,29,星期一,19,0,0.799115916
11375,913730,159180,5398,2020/8/29 19:20,121.464,31.201,2020/8/29 19:37,121.468,31.187,29,星期一,19,0,1.598352187
11376,913842,195761,5551,2020/8/29 19:21,121.406,31.122,2020/8/29 19:35,121.41,31.105,29,星期一,19,0,1.92304839
11377,924124,11764,4582,2020/8/29 19:22,121.544,31.293,2020/8/29 19:31,121.535,31.289,29,星期一,19,0,0.964882058
11378,924109,342474,16236,2020/8/29 19:22,121.405,31.283,2020/8/29 19:46,121.406,31.282,29,星期一,19,0,0.146151506
11379,924487,35462,3815,2020/8/29 19:24,121.487,31.288,2020/8/29 19:31,121.49,31.291,29,星期一,19,0,0.438441043
11380,924544,174696,14366,2020/8/29 19:25,121.496,31.275,2020/8/29 19:34,121.495,31.285,29,星期一,19,0,1.112824525
11381,924572,219536,13459,2020/8/29 19:25,121.441,31.331,2020/8/29 19:39,121.431,31.339,29,星期一,19,0,1.300954176
11382,924722,224093,8807,2020/8/29 19:26,121.497,31.29,2020/8/29 19:49,121.527,31.278,29,星期一,19,0,3.151250837
11383,924730,370827,17504,2020/8/29 19:26,121.419,31.205,2020/8/29 19:44,121.411,31.216,29,星期一,19,0,1.43826714
11384,935367,207702,2131,2020/8/29 19:28,121.54,31.259,2020/8/29 20:07,121.512,31.256,29,星期一,19,0,2.687569294
11385,935498,77336,11678,2020/8/29 19:29,121.425,31.248,2020/8/29 19:58,121.444,31.222,29,星期一,19,0,3.403901249
11386,935434,297208,11095,2020/8/29 19:29,121.486,31.259,2020/8/29 19:50,121.511,31.28,29,星期一,19,0,3.33012958
11387,935514,101942,17629,2020/8/29 19:30,121.368,31.209,2020/8/29 19:43,121.359,31.204,29,星期一,19,0,1.021242683
11388,935843,365520,5244,2020/8/29 19:31,121.309,31.265,2020/8/29 20:02,121.302,31.259,29,星期一,19,0,0.941823603
11389,936015,56672,11345,2020/8/29 19:32,121.417,31.237,2020/8/29 19:57,121.393,31.267,29,星期一,19,0,4.036054617
11390,946439,94679,9914,2020/8/29 19:33,121.481,31.301,2020/8/29 19:46,121.485,31.299,29,星期一,19,0,0.440673881
11391,946512,341028,2463,2020/8/29 19:34,121.493,31.182,2020/8/29 19:56,121.503,31.159,29,星期一,19,0,2.722441547
11392,946749,353418,14484,2020/8/29 19:35,121.531,31.323,2020/8/29 19:45,121.52,31.319,29,星期一,19,0,1.137068605
11393,946887,305295,12516,2020/8/29 19:36,121.311,31.237,2020/8/29 20:20,121.35,31.263,29,星期一,19,0,4.702195977
11394,947112,338806,13583,2020/8/29 19:38,121.366,31.256,2020/8/29 19:45,121.364,31.253,29,星期一,19,0,0.38331071
11395,957499,56165,9794,2020/8/29 19:39,121.494,31.385,2020/8/29 20:03,121.496,31.382,29,星期一,19,0,0.383187607
11396,957623,247969,6744,2020/8/29 19:40,121.5,31.259,2020/8/29 20:08,121.503,31.281,29,星期一,19,0,2.455905447
11397,957683,309806,11298,2020/8/29 19:41,121.344,31.289,2020/8/29 19:50,121.351,31.286,29,星期一,19,0,0.744903652
11398,957918,319749,12891,2020/8/29 19:42,121.513,31.279,2020/8/29 19:59,121.535,31.276,29,星期一,19,0,2.121225858
11399,958050,350150,7392,2020/8/29 19:43,121.487,31.343,2020/8/29 20:27,121.52,31.323,29,星期一,19,0,3.844595735
11400,958114,21565,3439,2020/8/29 19:44,121.43,31.194,2020/8/29 19:51,121.423,31.201,29,星期一,19,0,1.023441901
11401,958276,16709,4928,2020/8/29 19:44,121.442,31.186,2020/8/29 20:14,121.427,31.178,29,星期一,19,0,1.682606823
11402,967815,217171,16224,2020/8/29 19:46,121.49,31.286,2020/8/29 20:14,121.491,31.273,29,星期一,19,0,1.444507753
11403,967746,334740,4620,2020/8/29 19:46,121.421,31.262,2020/8/29 19:50,121.423,31.264,29,星期一,19,0,0.292328027
11404,968108,166485,37,2020/8/29 19:48,121.481,31.251,2020/8/29 19:57,121.478,31.261,29,星期一,19,0,1.144967922
11405,968225,181475,17449,2020/8/29 19:49,121.448,31.325,2020/8/29 20:50,121.445,31.343,29,星期一,19,0,2.016072821
11406,968357,340570,9800,2020/8/29 19:50,121.517,31.27,2020/8/29 20:07,121.532,31.269,29,星期一,19,0,1.432815538
11407,968442,290258,9788,2020/8/29 19:51,121.44,31.178,2020/8/29 20:02,121.452,31.183,29,星期一,19,0,1.271139316
11408,977365,2052,1691,2020/8/29 19:52,121.6,31.333,2020/8/29 20:40,121.601,31.273,29,星期一,19,0,6.653162357
11409,977537,72294,15679,2020/8/29 19:53,121.388,31.24,2020/8/29 20:29,121.385,31.283,29,星期一,19,0,4.776135063
11410,977764,335646,6251,2020/8/29 19:55,121.507,31.295,2020/8/29 20:32,121.489,31.279,29,星期一,19,0,2.466681666
11411,978005,302352,12294,2020/8/29 19:57,121.513,31.279,2020/8/29 20:05,121.509,31.271,29,星期一,19,0,0.965326353
11412,978128,362994,9292,2020/8/29 19:58,121.385,31.206,2020/8/29 20:10,121.392,31.199,29,星期一,19,0,1.023419489
11413,987814,367128,1296,2020/8/29 19:59,121.411,31.404,2020/8/29 21:43,121.416,31.401,29,星期一,19,0,0.580298293
11414,987873,88695,15465,2020/8/29 20:00,121.416,31.195,2020/8/29 20:23,121.437,31.163,29,星期一,20,0,4.073706375
11415,987995,155841,3707,2020/8/29 20:01,121.516,31.308,2020/8/29 20:25,121.502,31.309,29,星期一,20,0,1.337339981
11416,988083,318349,14168,2020/8/29 20:02,121.44,31.267,2020/8/29 20:31,121.436,31.264,29,星期一,20,0,0.505730991
11417,988398,59058,4243,2020/8/29 20:04,121.44,31.257,2020/8/29 20:12,121.443,31.264,29,星期一,20,0,0.827043421
11418,997187,300700,6352,2020/8/29 20:05,121.393,31.174,2020/8/29 20:24,121.377,31.188,29,星期一,20,0,2.176127691
11419,997150,296383,2037,2020/8/29 20:06,121.42,31.256,2020/8/29 20:25,121.416,31.234,29,星期一,20,0,2.468803048
11420,997384,232776,3275,2020/8/29 20:07,121.346,31.259,2020/8/29 20:22,121.348,31.264,29,星期一,20,0,0.58618306
11421,997467,60145,1955,2020/8/29 20:08,121.432,31.168,2020/8/29 20:12,121.43,31.172,29,星期一,20,0,0.482739678
11422,997604,43442,14803,2020/8/29 20:09,121.439,31.142,2020/8/29 20:14,121.45,31.143,29,星期一,20,0,1.054824459
11423,997702,194159,2580,2020/8/29 20:09,121.504,31.279,2020/8/29 20:35,121.536,31.278,29,星期一,20,0,3.049234879
11424,997915,262884,14175,2020/8/29 20:11,121.529,31.268,2020/8/29 20:25,121.537,31.258,29,星期一,20,0,1.345303068
11425,1006639,214240,1561,2020/8/29 20:12,121.511,31.304,2020/8/29 20:17,121.518,31.301,29,星期一,20,0,0.744809563
11426,1006801,325691,2556,2020/8/29 20:13,121.486,31.167,2020/8/29 20:30,121.494,31.177,29,星期一,20,0,1.345703789
11427,1006962,184425,3841,2020/8/29 20:14,121.52,31.305,2020/8/29 20:29,121.532,31.314,29,星期一,20,0,1.516797805
11428,1007146,12530,15214,2020/8/29 20:15,121.354,31.216,2020/8/29 20:40,121.365,31.234,29,星期一,20,0,2.254185882
11429,1007201,220607,9606,2020/8/29 20:16,121.482,31.335,2020/8/29 20:24,121.481,31.345,29,星期一,20,0,1.112829697
11430,1016150,85878,2727,2020/8/29 20:18,121.451,31.274,2020/8/29 20:41,121.431,31.278,29,星期一,20,0,1.955516555
11431,1016263,111085,3346,2020/8/29 20:19,121.466,31.242,2020/8/29 20:40,121.469,31.253,29,星期一,20,0,1.252643434
11432,1016408,282573,9978,2020/8/29 20:20,121.436,31.264,2020/8/29 20:29,121.447,31.272,29,星期一,20,0,1.372667555
11433,1016601,291871,7150,2020/8/29 20:22,121.497,31.152,2020/8/29 20:31,121.492,31.145,29,星期一,20,0,0.910854839
11434,1016605,122220,16915,2020/8/29 20:22,121.527,31.282,2020/8/29 20:25,121.529,31.285,29,星期一,20,0,0.383283064
11435,1016799,103134,3501,2020/8/29 20:23,121.445,31.283,2020/8/29 21:12,121.494,31.276,29,星期一,20,0,4.730111559
11436,1016853,269698,963,2020/8/29 20:24,121.417,31.263,2020/8/29 20:31,121.41,31.267,29,星期一,20,0,0.800714045
11437,1025661,371596,11154,2020/8/29 20:26,121.314,31.149,2020/8/29 20:37,121.304,31.152,29,星期一,20,0,1.009886596
11438,1025771,183549,15730,2020/8/29 20:27,121.518,31.294,2020/8/29 20:38,121.53,31.289,29,星期一,20,0,1.269940809
11439,1025848,145157,2859,2020/8/29 20:28,121.541,31.321,2020/8/29 20:37,121.538,31.328,29,星期一,20,0,0.826984033
11440,1026141,298017,13751,2020/8/29 20:30,121.402,31.261,2020/8/29 20:57,121.397,31.26,29,星期一,20,0,0.488954893
11441,1026238,48809,3448,2020/8/29 20:31,121.526,31.187,2020/8/29 20:39,121.533,31.178,29,星期一,20,0,1.200390953
11442,1026317,371776,12505,2020/8/29 20:32,121.437,31.313,2020/8/29 20:46,121.428,31.327,29,星期一,20,0,1.77294571
11443,1034285,136213,7502,2020/8/29 20:33,121.381,31.233,2020/8/29 20:40,121.382,31.236,29,星期一,20,0,0.345995275
11444,1034603,250243,16398,2020/8/29 20:35,121.453,31.279,2020/8/29 20:50,121.469,31.271,29,星期一,20,0,1.763041178
11445,1034763,231816,15515,2020/8/29 20:37,121.459,31.31,2020/8/29 20:46,121.468,31.316,29,星期一,20,0,1.084676124
11446,1034895,229299,5596,2020/8/29 20:38,121.481,31.314,2020/8/29 20:40,121.48,31.313,29,星期一,20,0,0.14613161
11447,1043931,109200,11319,2020/8/29 20:40,121.528,31.279,2020/8/29 20:56,121.542,31.295,29,星期一,20,0,2.219016477
11448,1043975,289385,2675,2020/8/29 20:41,121.451,31.255,2020/8/29 21:32,121.423,31.264,29,星期一,20,0,2.847424617
11449,1044183,336333,2770,2020/8/29 20:43,121.422,31.236,2020/8/29 20:49,121.415,31.235,29,星期一,20,0,0.676035178
11450,1044347,306249,12708,2020/8/29 20:45,121.579,31.248,2020/8/29 21:05,121.586,31.264,29,星期一,20,0,1.895138686
11451,1044567,53103,16977,2020/8/29 20:46,121.529,31.285,2020/8/29 21:10,121.534,31.309,29,星期一,20,0,2.703234539
11452,1044575,209352,16920,2020/8/29 20:47,121.487,31.279,2020/8/29 21:01,121.476,31.275,29,星期一,20,0,1.137515467
11453,1053435,337660,7396,2020/8/29 20:49,121.322,31.283,2020/8/29 21:19,121.325,31.284,29,星期一,20,0,0.30642406
11454,1053530,256149,12302,2020/8/29 20:50,121.48,31.299,2020/8/29 21:28,121.458,31.267,29,星期一,20,0,4.12026771
11455,1053692,120169,16001,2020/8/29 20:52,121.541,31.274,2020/8/29 21:07,121.544,31.292,29,星期一,20,0,2.016078907
11456,1053896,23061,731,2020/8/29 20:53,121.53,31.283,2020/8/29 20:59,121.528,31.279,29,星期一,20,0,0.4826588
11457,1053928,36657,3634,2020/8/29 20:54,121.405,31.124,2020/8/29 21:06,121.4,31.135,29,星期一,20,0,1.309505997
11458,1062731,134232,11126,2020/8/29 20:56,121.412,31.164,2020/8/29 21:01,121.407,31.158,29,星期一,20,0,0.818409882
11459,1062911,192712,1067,2020/8/29 20:57,121.485,31.322,2020/8/29 21:13,121.474,31.334,29,星期一,20,0,1.69301642
11460,1063116,118098,11026,2020/8/29 20:59,121.528,31.211,2020/8/29 21:20,121.526,31.187,29,星期一,20,0,2.667767615
11461,1063299,372048,17217,2020/8/29 21:01,121.433,31.231,2020/8/29 21:08,121.432,31.226,29,星期一,21,0,0.562494661
11462,1063439,366645,11790,2020/8/29 21:02,121.394,31.148,2020/8/29 21:07,121.392,31.155,29,星期一,21,0,0.799191424
11463,1072366,152075,6199,2020/8/29 21:03,121.451,31.278,2020/8/29 21:29,121.449,31.283,29,星期一,21,0,0.586172209
11464,1072557,27777,4444,2020/8/29 21:06,121.527,31.301,2020/8/29 21:35,121.529,31.324,29,星期一,21,0,2.557218338
11465,1072668,199882,10284,2020/8/29 21:07,121.521,31.2,2020/8/29 21:13,121.517,31.201,29,星期一,21,0,0.397011338
11466,1072871,230601,13392,2020/8/29 21:09,121.464,31.327,2020/8/29 21:21,121.472,31.318,29,星期一,21,0,1.255213987
11467,1073019,370158,15140,2020/8/29 21:10,121.457,31.24,2020/8/29 21:19,121.466,31.243,29,星期一,21,0,0.919625287
11468,1081669,356539,10414,2020/8/29 21:12,121.39,31.24,2020/8/29 22:10,121.388,31.236,29,星期一,21,0,0.482690153
11469,1081963,59512,8704,2020/8/29 21:14,121.453,31.33,2020/8/29 21:42,121.464,31.34,29,星期一,21,0,1.524873834
11470,1082062,176071,404,2020/8/29 21:15,121.54,31.272,2020/8/29 21:26,121.537,31.258,29,星期一,21,0,1.578313133
11471,1082239,240248,10814,2020/8/29 21:17,121.422,31.283,2020/8/29 21:27,121.427,31.291,29,星期一,21,0,1.006686508
11472,1082305,372318,4776,2020/8/29 21:18,121.416,31.154,2020/8/29 21:42,121.417,31.151,29,星期一,21,0,0.346013834
11473,1090714,315684,10668,2020/8/29 21:20,121.499,31.269,2020/8/29 21:29,121.504,31.277,29,星期一,21,0,1.006718067
11474,1090794,226728,6983,2020/8/29 21:21,121.488,31.282,2020/8/29 21:30,121.493,31.285,29,星期一,21,0,0.580785618
11475,1091052,25109,5611,2020/8/29 21:23,121.366,31.252,2020/8/29 21:40,121.387,31.257,29,星期一,21,0,2.075644126
11476,1091098,34817,17639,2020/8/29 21:24,121.434,31.186,2020/8/29 21:38,121.432,31.165,29,星期一,21,0,2.336115291
11477,1091239,175363,862,2020/8/29 21:25,121.437,31.334,2020/8/29 21:31,121.436,31.333,29,星期一,21,0,0.146118767
11478,1091266,136589,2998,2020/8/29 21:26,121.362,31.208,2020/8/29 21:52,121.367,31.228,29,星期一,21,0,2.268068618
11479,1091457,372415,16389,2020/8/29 21:27,121.362,31.203,2020/8/29 21:52,121.367,31.195,29,星期一,21,0,1.006884728
11480,1100235,349682,9044,2020/8/29 21:29,121.516,31.288,2020/8/29 22:46,121.513,31.279,29,星期一,21,0,1.037952512
11481,1100365,242512,15586,2020/8/29 21:30,121.557,31.286,2020/8/29 21:50,121.531,31.288,29,星期一,21,0,2.485554345
11482,1100456,328850,4111,2020/8/29 21:32,121.605,31.321,2020/8/29 21:45,121.616,31.33,29,星期一,21,0,1.446334804
11483,1100563,127271,15476,2020/8/29 21:33,121.435,31.197,2020/8/29 21:38,121.428,31.194,29,星期一,21,0,0.745479909
11484,1100770,2827,8182,2020/8/29 21:35,121.312,31.308,2020/8/29 21:50,121.302,31.297,29,星期一,21,0,1.547193654
11485,1100910,352584,14525,2020/8/29 21:36,121.395,31.211,2020/8/29 22:31,121.434,31.143,29,星期一,21,0,8.406147154
11486,1110161,213774,17016,2020/8/29 21:38,121.519,31.313,2020/8/29 21:46,121.522,31.322,29,星期一,21,0,1.037929379
11487,1110332,301563,1344,2020/8/29 21:40,121.463,31.267,2020/8/29 21:51,121.468,31.249,29,星期一,21,0,2.051763996
11488,1110428,297746,14639,2020/8/29 21:41,121.438,31.214,2020/8/29 21:46,121.431,31.213,29,星期一,21,0,0.676187509
11489,1110617,154066,13911,2020/8/29 21:43,121.521,31.305,2020/8/29 22:02,121.54,31.321,29,星期一,21,0,2.533416615
11490,1110778,91641,12878,2020/8/29 21:45,121.477,31.211,2020/8/29 21:51,121.479,31.217,29,星期一,21,0,0.691999835
11491,1110879,201808,4892,2020/8/29 21:47,121.531,31.312,2020/8/29 21:54,121.523,31.308,29,星期一,21,0,0.881278597
11492,1119877,349584,4778,2020/8/29 21:51,121.478,31.235,2020/8/29 22:06,121.487,31.239,29,星期一,21,0,0.965313841
11493,1119892,228678,5499,2020/8/29 21:52,121.498,31.2,2020/8/29 22:19,121.504,31.207,29,星期一,21,0,0.964006744
11494,1120041,95755,6502,2020/8/29 21:54,121.532,31.313,2020/8/29 21:59,121.535,31.318,29,星期一,21,0,0.623601279
11495,1120175,168651,16961,2020/8/29 21:56,121.324,31.288,2020/8/29 22:08,121.317,31.296,29,星期一,21,0,1.109487662
11496,1120351,26345,4561,2020/8/29 21:59,121.527,31.189,2020/8/29 22:56,121.532,31.19,29,星期一,21,0,0.489301467
11497,1120436,73256,10090,2020/8/29 22:00,121.396,31.282,2020/8/29 22:06,121.4,31.289,29,星期一,22,0,0.864539449
11498,1137586,262066,11267,2020/8/29 22:01,121.375,31.237,2020/8/29 22:17,121.374,31.238,29,星期一,22,0,0.146180361
11499,1137665,202660,1352,2020/8/29 22:03,121.502,31.274,2020/8/29 22:31,121.541,31.283,29,星期一,22,0,3.845521146
11500,1137889,38245,3784,2020/8/29 22:06,121.551,31.279,2020/8/29 22:25,121.537,31.258,29,星期一,22,0,2.683081552
11501,1137952,48168,6790,2020/8/29 22:08,121.423,31.264,2020/8/29 22:25,121.442,31.282,29,星期一,22,0,2.693854825
11502,1138089,325773,16766,2020/8/29 22:10,121.41,31.229,2020/8/29 22:31,121.389,31.234,29,星期一,22,0,2.076110768
11503,1138192,211111,8852,2020/8/29 22:11,121.485,31.306,2020/8/29 22:19,121.478,31.311,29,星期一,22,0,0.866819867
11504,1138268,196794,8505,2020/8/29 22:12,121.373,31.253,2020/8/29 22:19,121.371,31.255,29,星期一,22,0,0.292339569
11505,1147004,18188,7181,2020/8/29 22:15,121.497,31.3,2020/8/29 22:28,121.517,31.307,29,星期一,22,0,2.056116958
11506,1147137,16545,5954,2020/8/29 22:17,121.538,31.323,2020/8/29 22:25,121.535,31.331,29,星期一,22,0,0.931825131
11507,1147301,315319,16349,2020/8/29 22:20,121.364,31.132,2020/8/29 22:31,121.353,31.139,29,星期一,22,0,1.304936364
11508,1147435,291002,15234,2020/8/29 22:22,121.407,31.233,2020/8/29 22:50,121.402,31.229,29,星期一,22,0,0.650854526
11509,1147620,193508,4906,2020/8/29 22:26,121.505,31.259,2020/8/29 22:37,121.506,31.27,29,星期一,22,0,1.223327214
11510,1147715,291371,879,2020/8/29 22:28,121.432,31.151,2020/8/29 22:43,121.436,31.125,29,星期一,22,0,2.907798119
11511,1147794,28869,5737,2020/8/29 22:29,121.43,31.247,2020/8/29 22:38,121.421,31.249,29,星期一,22,0,0.885519781
11512,1156569,370168,16913,2020/8/29 22:31,121.483,31.265,2020/8/29 22:50,121.495,31.279,29,星期一,22,0,1.927537638
11513,1156777,372995,14651,2020/8/29 22:35,121.492,31.205,2020/8/29 22:40,121.487,31.208,29,星期一,22,0,0.581100164
11514,1156840,319885,16476,2020/8/29 22:37,121.442,31.288,2020/8/29 22:48,121.452,31.278,29,星期一,22,0,1.461511847
11515,1156972,42813,17026,2020/8/29 22:40,121.513,31.273,2020/8/29 22:45,121.508,31.272,29,星期一,22,0,0.488896248
11516,1157112,319371,6790,2020/8/29 22:43,121.442,31.282,2020/8/29 23:11,121.45,31.266,29,星期一,22,0,1.930655622
11517,1157267,188949,13123,2020/8/29 22:47,121.555,31.236,2020/8/29 23:35,121.538,31.176,29,星期一,22,0,6.846809558
11518,1165764,345334,8674,2020/8/29 22:49,121.522,31.263,2020/8/29 23:05,121.525,31.274,29,星期一,22,0,1.252632888
11519,1165938,372751,10668,2020/8/29 22:55,121.475,31.261,2020/8/29 23:44,121.477,31.262,29,星期一,22,0,0.220403468
11520,587099,311359,8552,2020/8/29 22:57,121.43,31.332,2020/8/29 23:08,121.419,31.334,29,星期一,22,0,1.070106505
11521,1166253,175991,13309,2020/8/29 23:04,121.491,31.342,2020/8/29 23:11,121.484,31.345,29,星期一,23,0,0.744552192
11522,1166400,251092,4452,2020/8/29 23:09,121.537,31.324,2020/8/29 23:13,121.541,31.321,29,星期一,23,0,0.505560324
11523,1173842,206156,3854,2020/8/29 23:13,121.482,31.226,2020/8/29 23:26,121.468,31.222,29,星期一,23,0,1.405716794
11524,1174053,289384,1260,2020/8/29 23:20,121.589,31.325,2020/8/30 01:38,121.504,31.231,29,星期一,23,0,13.19614129
11525,1174141,33176,4589,2020/8/29 23:22,121.471,31.193,2020/8/29 23:28,121.468,31.197,29,星期一,23,0,0.527673577
11526,1174265,311751,5007,2020/8/29 23:26,121.439,31.259,2020/8/29 23:41,121.422,31.265,29,星期一,23,0,1.750453606
11527,1174402,191500,9206,2020/8/29 23:31,121.427,31.184,2020/8/29 23:45,121.449,31.171,29,星期一,23,0,2.544736285
11528,640121,233535,3569,2020/8/29 23:40,121.429,31.144,2020/8/30 00:00,121.451,31.127,29,星期一,23,0,2.820397706
11529,1174826,371296,2402,2020/8/29 23:50,121.414,31.272,2020/8/30 00:09,121.428,31.265,29,星期一,23,0,1.542739636
11530,1174920,274737,12450,2020/8/29 23:55,121.474,31.217,2020/8/30 01:01,121.476,31.221,29,星期一,23,0,0.482703997